﻿[
      {
      "PartyIDs":"173144",
      "accountingEntity":"10",
      "ID":"HDPH",
      "Name":"ALEXANDRA DZIGDA",
      "SalesPersonRole":"External"
      },
    
      {
      "PartyIDs":"173144",
      "accountingEntity":"10",
      "ID":"mmid",
      "Name":"Michael Midensky",
      "SalesPersonRole":"Internal"
      },
    
    {"PartyIDs":"173144","accountingEntity":"CommercientTest","ID":"99","Name":"CommercientTest","SalesPersonRole":"CommercientTest"}
    ]
  