﻿[
      {
      "PartyIDs":"173144",
      "1":"cvlap.ca@sodexo.com - e-mailed past due invoices requesting payment details."
      },
    
      {
      "PartyIDs":"173144",
      "2":"3468898-00 has been re-billed to this account RE: From account 5095345 (Property Improvement) account New invoice | oe rbill-3545726-00 | po-66924"
      },
    
      {
      "PartyIDs":"173144",
      "3":"Payment processing 11/19"
      },
    
      {
      "PartyIDs":"173144",
      "4":"cvlap.ca@sodexo.com - E-mailed"
      },
    
      {
      "PartyIDs":"173144",
      "5":"Eyob.Ahmed@sodexo.com - re: 358469-00 - processed for payment."
      },
    
      {
      "PartyIDs":"173144",
      "6":"Deepkumar.Patel@sodexo.com.  - E-mailed outstanding July invoice - Eyob is away."
      },
    
      {
      "PartyIDs":"173144",
      "7":"Left vm message for Eyob.  E-mailed both July and now Aug unpaid invoices requesting status of payment."
      },
    
      {
      "PartyIDs":"173144",
      "8":"INV#36196700 has been processed and payment will be made on 23 Sept 2023.  Eyod further confirmed additional pending invoice is being also processed."
      },
    
      {
      "PartyIDs":"173144",
      "9":"Eyob.Ahmed@sodexo.com - E-mailed copies of all invoices ( past due balance) Payment was confirmed being sent 9/26"
      },
    
      {
      "PartyIDs":"173144",
      "10":"cheque date - 9/28 on July invoice - 73093546 chq # Cheque date - 10/10 - paying August invoice Sept invoices - paying Nov 10th per Eyob."
      },
    
      {
      "PartyIDs":"173144",
      "11":"E-mailed Eyob list of further outstanding invoices.  Still not received in payment of 10/11"
      },
    
      {
      "PartyIDs":"173144",
      "12":"3634109-00 paid on cheque processed 10/12 3652290-00 Cheque processing 11/24 Per Eyod."
      },
    
      {
      "PartyIDs":"173144",
      "13":"in queue for payment processing today - 3583460-03 per Mary"
      },
    
      {
      "PartyIDs":"173144",
      "14":"cvlap.ca@sodexo.com - E-mailed copies of September invoices."
      },
    
      {
      "PartyIDs":"173144",
      "15":"Invoices scheduled for payment 11/29."
      },
    
      {
      "PartyIDs":"173144",
      "16":"E-mailed copies of outstanding invoices - pays at 60 days."
      },
    
      {
      "PartyIDs":"173144",
      "17":"CA CVLAP <cvlap.ca@sodexo.com> - E-mailed copies of November invoices."
      },
    
      {
      "PartyIDs":"173144",
      "18":"CA CVLAP <CVLAP.CA@sodexo.com> Eyob Ahmed confirmed November invoices now processing for payment."
      },
    
      {
      "PartyIDs":"173144",
      "19":"CA CVLAP <cvlap.ca@sodexo.com> - e-mailed outstanding Feb invoice."
      },
    
      {
      "PartyIDs":"173144",
      "20":"3691512-00 - paying on cheque 73102512. dated March 3rd per Eyob."
      },
    
    {"PartyIDs":"173144","99":"CommercientTest"}
    ]
  