﻿{

    "CreationDateTime":"2024-03-20T17:26:53Z",
    
    "BODID":"infor-nid:HDSUPPLY_PRD:10::173144:1?CustomerPartyMaster&verb=Sync",
    
    "TenantID":"HDSUPPLY_PRD",
    
    "AccountingEntityID":"10",
    
    "CustomerPartyMasterName":"SODEXO CANADA",
    
    "PartyIDs":"173144",
    
    "LastModificationDateTime":"2024-03-20T15:11:00Z",
    
    "LanguageCode":"en-US",
    
    "PaymentTermID":"N30",
    
    "PaymentTermCode":"N30",        
    
    "SXe_user3":"n",
    
    "SXe_user4":"C",
    
    "SXe_user5":"ofue-s1   ",
    
    "SXe_user10":"N",
    
    "SXe_user11":"1702831",
    
    "SXe_user12":"REY RANAS",
    
    "SXe_user21":"03/21/22",
    
    "SXe_user23":"03/21/22",
    
    "arsc_addonnum2":"2",
    
    "arsc_addonnum4":"9",
    
    "arsc_addr1":"100-1 SMELTER SITE RD.",
    
    "arsc_addressoverfl":"false",
    
    "arsc_ardatcty":"p",
    
    "arsc_avgpaydays":"69",
    
    "arsc_bankno":"21",
    
    "arsc_billdirectaddon":"n",
    
    "arsc_bofl":"true",
    
    "arsc_cashrecfl":"false",
    
    "arsc_cashreqfl":"false",
    
    "arsc_ccblockfl":"false",
    
    "arsc_cdcfl":"false",
    
    "arsc_city":"KITIMAT",
    
    "arsc_cono":"10",
    
    "arsc_costytd":"5788.63",
    
    "arsc_countrycd":"CA",
    
    "arsc_creditmgr":"0016",
    
    "arsc_credlim":"25000",
    
    "arsc_custno":"173144",
    
    "arsc_custordbal":"185.89",
    
    "arsc_custperiodbal2":"9708.3",
    
    "arsc_custprodfl":"false",
    
    "arsc_custprodreqfl":"false",
    
    "arsc_custtype":"L07",
    
    "arsc_custuncashbal":"-218.93",
    
    "arsc_cyclecd":"200",
    
    "arsc_divno":"220",
    
    "arsc_dnbinocallfl":"false",
    
    "arsc_dunningfl":"false",
    
    "arsc_easntype":"e",
    
    "arsc_edi840fl":"false",
    
    "arsc_edicatprodfl":"false",
    
    "arsc_edijitfl":"false",
    
    "arsc_edinsprodfl":"true",
    
    "arsc_ediprcfl":"false",
    
    "arsc_ediprintnotesfl":"false",
    
    "arsc_editermsfl":"false",
    
    "arsc_einvtype":"m",
    
    "arsc_email":"cvlap.ca@sodexo.com",
    
    "arsc_enterdt":"2021-11-22",
    
    "arsc_esbactioncode":"Replace",
    
    "arsc_fpcustfl":"false",
    
    "arsc_highbal":"25057.04",
    
    "arsc_holdpercd":"3",
    
    "arsc_inbndfrtfl":"false",
    
    "arsc_langcd":"EN",
    
    "arsc_lastagedt":"2024-03-20",
    
    "arsc_lastagedttz":"03/20/2024 11:11:18.948-04:00",
    
    "arsc_lastcostytd":"30448.77",
    
    "arsc_lastpayamt":"212.75",
    
    "arsc_lastpaydt":"2024-03-07",
    
    "arsc_lastpaydttz":"03/07/2024 15:59:18.236-05:00",
    
    "arsc_lastsaleamt":"9708.3",
    
    "arsc_lastsaledt":"2024-02-12",
    
    "arsc_lastsaledttz":"02/12/2024 03:00:07.229+00:00",
    
    "arsc_lastsalesytd":"48305.56",
    
    "arsc_linetermsfl":"false",
    
    "arsc_lnshipcompfl":"false",
    
    "arsc_lookupnm":"CANADA-SODEXO",
    
    "arsc_lrrewardno":"0",
    
    "arsc_mansalesfl":"false",
    
    "arsc_manusesalesrepfl":"false",
    
    "arsc_name":"SODEXO CANADA",
    
    "arsc_noinv":"28",
    
    "arsc_noinvcopy":"1",
    
    "arsc_nontaxtype":"R",
    
    "arsc_nopastdue":"27",
    
    "arsc_nopay":"27",
    
    "arsc_notesfl":"*",
    
    "arsc_npclaimacctfl":"false",
    
    "arsc_ordbal":"185.89",
    
    "arsc_outbndfrtfl":"false",
    
    "arsc_outofcityfl":"false",
    
    "arsc_pastduedt":"2024-03-07",
    
    "arsc_pastduedttz":"03/07/2024 15:59:18.236-05:00",
    
    "arsc_periodbal2":"9708.3",
    
    "arsc_phoneno":"2506390816",
    
    "arsc_picklabelsize":"L",
    
    "arsc_pickprtfl":"false",
    
    "arsc_pmcashfl":"false",
    
    "arsc_poreqfl":"true",
    
    "arsc_pricecd":"1",
    
    "arsc_ptxapfl":"false",
    
    "arsc_ptxarfl":"false",
    
    "arsc_ptxtransbillfl":"false",
    
    "arsc_ptxtype":"STD",
    
    "arsc_restricteditfl":"false",
    
    "arsc_salesmgrfl":"true",
    
    "arsc_salesterr":"SODX",
    
    "arsc_salesytd":"8040",
    
    "arsc_securfl":"false",
    
    "arsc_selltype":"y",
    
    "arsc_servchgfl":"false",
    
    "arsc_shipreqfl":"true",
    
    "arsc_shipvialockfl":"false",
    
    "arsc_shipviaty":"BEST",
    
    "arsc_shopifyfl":"false",
    
    "arsc_slsrepin":"mmid",
    
    "arsc_slsrepout":"HDPH",
    
    "arsc_spcdefaultty":"i",
    
    "arsc_srallownegoverfl":"false",
    
    "arsc_state":"BC",
    
    "arsc_statecd":"BC",
    
    "arsc_statementty":"N",
    
    "arsc_statustype":"true",
    
    "arsc_subfl":"true",
    
    "arsc_swexaddfl1":"false",
    
    "arsc_swexaddfl2":"false",
    
    "arsc_swexaddfl3":"false",
    
    "arsc_swexaddfl4":"false",
    
    "arsc_synccrmfl":"true",
    
    "arsc_syncmddfl":"true",
    
    "arsc_taxablety":"Y",
    
    "arsc_taxauth":"dom",
    
    "arsc_taxcert":"1000-6569",
    
    "arsc_taxreg":"1000-6569",
    
    "arsc_tendqtyfl":"false",
    
    "arsc_termstype":"N30",
    
    "arsc_uncashbal":"-218.93",
    
    "arsc_unearnedfl":"true",
    
    "arsc_user10":"N",
    
    "arsc_user11":"1702831",
    
    "arsc_user12":"REY RANAS",
    
    "arsc_usesettcalcfl":"false",
    
    "arsc_vatvariablefl":"false",
    
    "arsc_whse":"0220",
    
    "arsc_wlscmlblmixtxt":"Mixed",
    
    "arsc_zipcd":"V8C2H2",
    
    "Bank":"21",
    
    "Division":"220",
    
    "InvoiceEmail":"cvlap.ca@sodexo.com",
    
    "SXe_Class":"0",
    
    "SXe_CustType":"L07",
    
    "SXe_SICCD1":"0",
    
    "SXe_SICCD2":"0",
    
    "SXe_SICCD3":"0",
    
    "SXe_Whse":"0220",
    
    "PaymentMethodCode":"Account",
    "StatusCode":"Open",
    "ShipOrderComplete":"false",
    "ShipLineComplete":"false",
    "CurrencyCode":"CAD",
    "DefaultShipFromWarehouseLocation":"0220",
    "TotalCreditLimitAmount":"25000",
    "TotalCreditLimitBaseAmount":"25000",
    "TotalCreditLimitReportAmount":"25000",
    "CreditAnalystPersonID":"0016",
    "CreditAnalystPersonName":"Val Duke",
    "AddressLine":"100-1 SMELTER SITE RD."
    "CityName":"KITIMAT"
    "CountrySubDivisionCode":"BC"
    "CountryCode":"CA"
    "PostalCode":"V8C2H2"
}
  